,TOP_PCT,BOTTOM_PCT,L,S,CAGR,Sharpe,Vol,MaxDD
7,0.2,0.4,0.7,0.3,0.0807159788962315,0.832926670341398,0.09925812941431167,-0.12344866231576734
5,0.2,0.2,0.7,0.3,0.08076686625751539,0.8120773933559333,0.10223148901221953,-0.11963983954959989
3,0.1,0.4,0.7,0.3,0.0932897172484124,0.7837659612368041,0.12376042710190369,-0.16314842115286954
1,0.1,0.2,0.7,0.3,0.0933197903235019,0.7706256153840023,0.12631859887067867,-0.15685971678549082
2,0.1,0.4,0.5,0.5,0.016901263763454688,0.23280646536411373,0.08920349221801825,-0.16655553415539937
0,0.1,0.2,0.5,0.5,0.01633028183897145,0.211027161420331,0.10113569919325623,-0.21155759898648452
6,0.2,0.4,0.5,0.5,0.007961960037922156,0.14638073691666129,0.07197250055591803,-0.15037107420332974
4,0.2,0.2,0.5,0.5,0.007420549841088198,0.12913368656821558,0.08603965209993543,-0.23283197629453622
